_id_1,corporation,_id_3,movable_property,person,_id_4,illness,_id_6,_id_7,damage,loss,_id_8,_id_10,_id_11,_id_12,_id_13,_id_14,_id_15,_id_16,_id_18,_id_19,_id_20,_id_22,payee_corporation,_id_0,
1,1,0,0,0,1,0,1,1,1,0,1,0,1,1,1,1,1,1,1,0,1,1,1,1
1,0,0,1,0,1,1,1,1,1,1,1,0,1,1,1,1,1,1,0,1,1,1,0,1
1,0,0,1,0,1,0,0,0,0,1,1,1,0,0,1,1,1,1,1,0,1,0,1,1
1,0,0,0,1,1,0,1,1,0,0,1,0,1,1,1,1,1,1,0,1,1,0,0,1
1,0,0,0,1,1,1,0,0,0,0,1,1,0,0,1,1,1,1,1,0,1,1,1,1
1,0,1,0,0,1,1,1,1,1,0,1,0,1,0,1,1,1,1,0,1,1,1,1,1
1,1,0,0,0,1,0,1,1,1,0,1,1,0,0,1,1,1,1,0,1,1,0,1,1
1,0,0,1,0,1,1,0,0,1,0,1,1,0,0,1,1,1,1,1,0,1,0,0,1
1,0,1,0,0,1,0,0,0,0,0,1,1,0,1,1,1,1,1,1,0,1,0,0,1
1,1,0,0,0,1,0,1,0,0,0,1,0,1,_24045,1,1,1,1,0,1,1,_27277,1,1
1,1,0,0,0,1,0,0,1,_19981,0,1,0,1,_24109,1,1,1,1,0,1,1,_27341,1,1
1,_12845,_13869,_14893,_15917,1,_16973,_17997,_19021,_20045,_21069,1,_22125,_23149,_24173,1,1,1,1,_25325,_26349,1,_27405,_28429,1
1,_12909,_13933,_14957,_15981,1,_17037,_18061,_19085,_20109,_21133,1,_22189,_23213,_24237,1,1,1,1,_25389,_26413,1,_27469,_28493,1
1,_12973,_13997,_15021,_16045,1,_17101,_18125,_19149,_20173,_21197,1,_22253,_23277,_24301,1,1,1,1,_25453,_26477,1,_27533,_28557,1
1,_13037,_14061,_15085,_16109,1,_17165,_18189,_19213,_20237,_21261,1,_22317,_23341,_24365,1,1,1,1,_25517,_26541,1,_27597,_28621,1
1,_13101,_14125,_15149,_16173,1,_17229,_18253,_19277,_20301,_21325,1,_22381,_23405,_24429,1,1,1,1,_25581,_26605,1,_27661,_28685,1


1,1,0,0,0,1,0,1,1,1,0,1,0,1,1,1,1,1,1,0,1,1,0,1,1
1,0,0,1,0,1,1,1,1,1,1,1,0,1,1,1,1,1,1,0,1,1,1,0,1
1,1,0,0,0,1,0,1,1,0,0,1,1,0,0,1,1,1,1,1,0,1,1,1,1
1,0,0,0,1,1,0,0,1,0,0,1,0,1,1,1,1,1,1,1,0,1,1,0,1
1,0,0,1,0,1,0,0,0,0,1,1,1,0,0,1,1,1,1,1,0,1,0,1,1
1,0,0,0,1,1,1,1,0,0,0,1,1,0,0,1,1,1,1,0,1,1,0,1,1
1,0,1,0,0,1,1,0,1,1,0,1,0,1,0,1,1,1,1,1,0,1,0,1,1
1,0,0,1,0,1,_10383,0,0,1,0,1,1,0,0,1,1,1,1,0,1,1,1,0,1
1,0,1,0,0,1,0,1,0,0,0,1,1,0,1,1,1,1,1,0,1,1,1,0,1
1,1,0,0,0,1,0,0,0,1,0,1,0,1,_18633,1,1,1,1,_23473,_24497,1,_26475,1,1
1,_5525,_6549,_7573,_8597,1,_10575,_11599,_12623,_13647,_14671,1,_16649,_17673,_18697,1,1,1,1,_23537,_24561,1,_26539,_27563,1
1,_5589,_6613,_7637,_8661,1,_10639,_11663,_12687,_13711,_14735,1,_16713,_17737,_18761,1,1,1,1,_23601,_24625,1,_26603,_27627,1
1,_5653,_6677,_7701,_8725,1,_10703,_11727,_12751,_13775,_14799,1,_16777,_17801,_18825,1,1,1,1,_23665,_24689,1,_26667,_27691,1
1,_5717,_6741,_7765,_8789,1,_10767,_11791,_12815,_13839,_14863,1,_16841,_17865,_18889,1,1,1,1,_23729,_24753,1,_26731,_27755,1
1,_5781,_6805,_7829,_8853,1,_10831,_11855,_12879,_13903,_14927,1,_16905,_17929,_18953,1,1,1,1,_23793,_24817,1,_26795,_27819,1
1,_5845,_6869,_7893,_8917,1,_10895,_11919,_12943,_13967,_14991,1,_16969,_17993,_19017,1,1,1,1,_23857,_24881,1,_26859,_27883,1


1,1,0,0,0,1,0,1,1,1,0,1,0,1,1,1,1,1,1,0,1,1,0,1,1
1,0,0,1,0,1,1,1,1,1,1,1,0,1,1,1,1,1,1,0,1,1,1,0,1
1,1,0,0,0,1,0,1,1,0,0,1,1,0,0,1,1,1,1,1,0,1,1,1,1
1,0,0,0,1,1,0,0,1,0,0,1,0,1,1,1,1,1,1,1,0,1,1,0,1
1,0,0,1,0,1,0,0,0,0,1,1,1,0,0,1,1,1,1,1,0,1,0,1,1
1,0,0,0,1,1,1,1,0,0,0,1,1,0,0,1,1,1,1,0,1,1,0,1,1
1,0,1,0,0,1,1,0,1,1,0,1,0,1,0,1,1,1,1,1,0,1,0,1,1
1,0,0,1,0,1,_10075,0,0,1,0,1,1,0,0,1,1,1,1,0,1,1,1,0,1
1,0,1,0,0,1,0,1,0,0,0,1,1,0,1,1,1,1,1,0,1,1,1,0,1
1,1,0,0,0,1,0,0,0,1,0,1,0,1,_18171,1,1,1,1,_22395,_23419,1,_25243,1,1
1,_5371,_6395,_7419,_8443,1,_10267,_11291,_12315,_13339,_14363,1,_16187,_17211,_18235,1,1,1,1,_22459,_23483,1,_25307,_26331,1
1,_5435,_6459,_7483,_8507,1,_10331,_11355,_12379,_13403,_14427,1,_16251,_17275,_18299,1,1,1,1,_22523,_23547,1,_25371,_26395,1
1,_5499,_6523,_7547,_8571,1,_10395,_11419,_12443,_13467,_14491,1,_16315,_17339,_18363,1,1,1,1,_22587,_23611,1,_25435,_26459,1
1,_5563,_6587,_7611,_8635,1,_10459,_11483,_12507,_13531,_14555,1,_16379,_17403,_18427,1,1,1,1,_22651,_23675,1,_25499,_26523,1
1,_5627,_6651,_7675,_8699,1,_10523,_11547,_12571,_13595,_14619,1,_16443,_17467,_18491,1,1,1,1,_22715,_23739,1,_25563,_26587,1
1,_5691,_6715,_7739,_8763,1,_10587,_11611,_12635,_13659,_14683,1,_16507,_17531,_18555,1,1,1,1,_22779,_23803,1,_25627,_26651,1


1,1,0,0,0,1,0,0,0,1,0,1,0,1,1,1,1,1,1,0,1,1,0,1,1
1,0,0,1,0,1,1,1,1,1,1,1,0,1,1,1,1,1,1,0,1,1,1,0,1
1,1,0,0,0,1,0,1,1,0,0,1,1,0,0,1,1,1,1,1,0,1,1,1,1
1,0,0,0,1,1,0,0,1,0,0,1,0,1,1,1,1,1,1,1,0,1,1,0,1
1,0,0,1,0,1,0,0,0,0,1,1,1,0,0,1,1,1,1,1,0,1,0,1,1
1,0,0,0,1,1,1,1,0,0,0,1,1,0,0,1,1,1,1,0,1,1,0,1,1
1,0,1,0,0,1,1,0,1,1,0,1,0,1,0,1,1,1,1,1,0,1,0,1,1
1,0,0,1,0,1,_757485,_758061,0,1,0,1,1,0,0,1,1,1,1,_764343,_764919,1,1,0,1
1,0,1,0,0,1,0,1,0,0,0,1,1,0,1,1,1,1,1,0,1,1,1,0,1


1,1,1,0,1,0,0,1,1,0,1,0,1,0,0,1,1,0,1,1,1,1,1
1,1,1,0,1,0,1,0,1,0,0,1,1,0,1,0,1,1,0,1,1,0,1
1,0,0,1,1,0,0,1,1,0,1,0,1,0,1,0,1,1,0,1,0,1,1
1,0,0,1,1,0,0,1,1,1,0,0,1,0,1,0,1,0,1,0,0,0,1
1,0,1,1,1,1,0,0,1,0,0,1,1,0,0,1,1,1,0,0,0,0,1
1,0,0,1,1,0,1,0,1,0,0,1,1,0,0,1,1,0,1,1,0,1,1
1,0,1,1,1,0,0,1,1,0,0,1,1,1,0,0,1,0,1,1,1,1,1
1,1,0,0,1,0,1,0,1,0,1,0,1,1,0,0,1,1,0,0,0,0,1
1,1,1,0,1,0,1,0,1,1,0,0,1,0,0,1,1,1,0,1,1,1,1
1,0,1,0,1,1,0,0,1,0,1,0,1,1,0,0,1,0,1,1,1,1,1
1,1,0,1,1,1,0,0,1,1,0,0,1,0,1,0,1,_15703,_16407,_17111,0,_18519,1


1,1,1,1,1,1,1,1,1,1,1,1,1,1,1,1,1,1,0,1,1,1,1,1,1,1,1,1,1,1,1,1,1,0,1,1,1,1,1,0,0,1,1
1,1,1,1,1,1,1,1,1,1,1,1,1,1,1,1,1,1,0,1,1,1,1,1,1,1,1,1,1,1,1,0,0,0,1,1,1,1,1,0,1,0,1
1,1,1,1,1,1,1,1,1,1,1,1,1,1,1,1,1,1,1,0,0,0,0,0,1,1,1,1,1,1,1,1,0,1,1,1,0,1,1,1,0,0,1
1,0,0,0,0,0,0,0,0,0,0,0,0,0,0,0,1,0,0,0,1,0,0,1,1,1,0,0,0,0,0,1,1,0,1,0,1,1,0,0,0,0,1
1,0,0,0,0,0,0,0,0,0,0,0,0,0,0,0,1,1,1,0,0,0,0,0,1,1,0,0,0,0,0,1,0,1,0,0,0,0,1,0,0,1,1
_7641,0,0,0,0,0,0,0,0,0,0,0,0,0,0,0,1,1,1,0,0,0,0,0,1,1,0,0,0,0,0,1,0,1,0,0,0,0,1,0,1,0,1
_7705,0,0,0,0,0,0,0,0,0,0,0,0,0,0,0,1,1,0,1,1,1,1,0,1,1,0,0,0,0,0,1,1,0,0,0,0,0,1,1,0,0,1
1,0,0,0,1,0,1,1,1,1,1,1,1,1,0,1,1,1,1,0,1,1,1,1,1,1,1,1,1,0,1,1,0,1,1,1,1,0,0,0,0,0,1
1,1,1,1,1,1,1,1,1,0,0,0,0,0,0,0,1,0,0,0,0,0,0,0,1,1,1,1,0,1,1,1,0,1,0,0,0,0,0,0,0,0,1
1,0,0,0,1,1,1,1,1,1,1,1,1,1,1,1,1,1,0,1,1,0,1,1,1,1,1,1,1,1,0,1,0,1,0,0,0,0,0,0,0,0,1
_7961,0,0,0,0,0,0,0,0,0,0,0,0,0,0,0,1,0,0,0,1,1,0,0,1,1,0,0,0,0,0,0,0,0,0,0,0,0,1,1,0,0,1
1,1,1,1,1,1,1,1,0,1,1,1,1,1,1,1,1,0,0,0,0,0,0,0,1,1,0,0,0,0,0,0,0,0,1,1,0,_54545,1,0,0,1,1
1,1,1,0,1,0,1,1,1,0,0,0,0,0,0,0,1,0,0,0,0,0,0,0,1,1,1,0,1,1,1,1,1,0,1,1,0,_54609,1,0,1,0,1
1,1,1,1,1,1,0,0,0,1,1,1,1,1,1,0,1,0,0,0,1,_34753,1,_37313,1,1,1,1,1,1,1,0,0,0,1,1,_53393,_54673,0,0,0,0,1
1,1,1,1,0,0,0,0,0,1,1,1,1,1,1,0,1,_29697,_30977,_32257,_33537,_34817,_36097,_37377,1,1,1,1,1,1,1,_47057,_48337,_49617,1,1,_53457,_54737,_56017,_57297,_58577,_59857,1
1,_9561,_10841,_12121,1,_14681,1,1,_18521,1,1,0,1,1,1,1,1,_29761,_31041,_32321,_33601,_34881,_36161,_37441,1,1,_40721,_42001,_43281,_44561,_45841,_47121,_48401,_49681,_50961,_52241,_53521,_54801,_56081,_57361,_58641,_59921,1
_8345,_9625,_10905,_12185,_13465,_14745,_16025,_17305,_18585,_19865,_21145,_22425,_23705,_24985,_26265,_27545,1,_29825,_31105,_32385,_33665,_34945,_36225,_37505,1,1,_40785,_42065,_43345,_44625,_45905,_47185,_48465,_49745,_51025,_52305,_53585,_54865,_56145,_57425,_58705,_59985,1
_8409,_9689,_10969,_12249,_13529,_14809,_16089,_17369,_18649,_19929,_21209,_22489,_23769,_25049,_26329,_27609,1,_29889,_31169,_32449,_33729,_35009,_36289,_37569,1,1,_40849,_42129,_43409,_44689,_45969,_47249,_48529,_49809,_51089,_52369,_53649,_54929,_56209,_57489,_58769,_60049,1
_8473,_9753,_11033,_12313,_13593,_14873,_16153,_17433,_18713,_19993,_21273,_22553,_23833,_25113,_26393,_27673,1,_29953,_31233,_32513,_33793,_35073,_36353,_37633,1,1,_40913,_42193,_43473,_44753,_46033,_47313,_48593,_49873,_51153,_52433,_53713,_54993,_56273,_57553,_58833,_60113,1
_8537,_9817,_11097,_12377,_13657,_14937,_16217,_17497,_18777,_20057,_21337,_22617,_23897,_25177,_26457,_27737,1,_30017,_31297,_32577,_33857,_35137,_36417,_37697,1,1,_40977,_42257,_43537,_44817,_46097,_47377,_48657,_49937,_51217,_52497,_53777,_55057,_56337,_57617,_58897,_60177,1


1,1,1,1,1,1,1,1,1,1,1,1,1,1,1,1,1,1,0,1,1,1,1,1,1,1,1,1,1,1,1,1,1,0,1,1,1,1,1,0,0,1,1
1,1,1,1,1,1,1,1,1,1,1,1,1,1,1,1,1,1,0,1,1,1,1,1,1,1,1,1,1,1,1,0,0,0,1,1,1,1,1,0,1,0,1
1,1,1,1,1,1,1,1,1,1,1,1,1,1,1,1,1,1,1,0,0,0,0,0,1,1,1,1,1,1,1,1,0,1,1,1,0,1,1,1,0,0,1
1,0,0,0,0,0,0,0,0,0,0,0,0,0,0,0,1,0,0,0,1,0,0,1,1,1,0,0,0,0,0,1,1,0,1,0,1,1,0,0,0,0,1
1,0,0,0,0,0,0,0,0,0,0,0,0,0,0,0,1,1,1,0,0,0,0,0,1,1,0,0,0,0,0,1,0,1,0,0,0,0,1,0,0,1,1
_4103603,0,0,0,0,0,0,0,0,0,0,0,0,0,0,0,1,1,1,0,0,0,0,0,1,1,0,0,0,0,0,1,0,1,0,0,0,0,1,0,1,0,1
_4103667,0,0,0,0,0,0,0,0,0,0,0,0,0,0,0,1,1,0,1,1,1,1,0,1,1,0,0,0,0,0,1,1,0,0,0,0,0,1,1,0,0,1
1,1,1,1,1,1,1,1,1,0,0,0,0,0,0,0,1,1,1,0,1,1,1,1,1,1,1,1,1,0,1,1,0,1,1,1,1,0,0,0,0,0,1
1,1,1,1,1,0,1,1,1,1,1,0,1,1,1,1,1,0,0,0,0,0,0,0,1,1,1,1,0,1,1,1,0,1,0,0,0,0,0,0,0,0,1
1,0,0,0,1,1,1,1,1,1,1,1,1,1,0,1,1,1,0,1,1,0,1,1,1,1,1,1,1,1,0,1,0,1,0,0,0,0,0,0,0,0,1
_4103923,0,0,0,0,0,0,0,0,0,0,0,0,0,0,0,1,0,0,0,1,1,0,0,1,1,0,0,0,0,0,0,0,0,0,0,0,0,1,1,0,0,1
1,1,1,1,1,1,1,1,0,1,1,1,1,1,1,1,1,0,0,0,0,0,0,0,1,1,0,0,0,0,0,0,0,0,1,1,0,_4138877,1,0,0,1,1
1,1,1,0,1,0,1,1,1,0,0,0,0,0,0,0,1,0,0,0,0,0,0,0,1,1,1,0,1,1,1,1,1,0,1,1,0,_4138941,1,0,1,0,1
1,0,0,0,1,1,0,0,0,1,1,1,1,1,1,0,1,0,0,0,1,_4124065,1,_4125985,1,1,1,1,1,1,1,0,0,0,1,1,_4138045,_4139005,0,0,0,0,1
1,1,1,1,0,0,0,0,0,1,1,1,1,1,1,0,1,_4120289,_4121249,_4122209,_4123169,_4124129,_4125089,_4126049,1,1,1,1,1,1,1,_4133309,_4134269,_4135229,1,1,_4138109,_4139069,_4140029,_4140989,_4141949,_4142909,1


1,1,1,1,1,1,1,1,1,1,1,1,1,1,1,1,1,1,0,1,1,1,1,1,1,1,1,1,1,1,1,1,1,0,1,1,1,1,1,0,0,1,1
1,1,1,1,1,1,1,1,1,1,1,1,1,1,1,1,1,1,0,1,1,1,1,1,1,1,1,1,1,1,1,0,0,0,1,1,1,1,1,0,1,0,1
1,1,1,1,1,1,1,1,1,1,1,1,1,1,1,1,1,1,1,0,0,0,0,0,1,1,1,1,1,1,1,1,0,1,1,1,0,1,1,1,0,0,1
1,0,0,0,0,0,0,0,0,0,0,0,0,0,0,0,1,0,0,0,1,0,0,1,1,1,0,0,0,0,0,1,1,0,1,0,1,1,0,0,0,0,1
1,0,0,0,0,0,0,0,0,0,0,0,0,0,0,0,1,1,1,0,0,0,0,0,1,1,0,0,0,0,0,1,0,1,0,0,0,0,1,0,0,1,1
_79841,0,0,0,0,0,0,0,0,0,0,0,0,0,0,0,1,1,1,0,0,0,0,0,1,1,0,0,0,0,0,1,0,1,0,0,0,0,1,0,1,0,1
_79905,0,0,0,0,0,0,0,0,0,0,0,0,0,0,0,1,1,0,1,1,1,1,0,1,1,0,0,0,0,0,1,1,0,0,0,0,0,1,1,0,0,1
1,0,0,0,1,0,1,1,1,1,1,1,1,1,0,1,1,1,1,0,1,1,1,1,1,1,1,1,1,0,1,1,0,1,1,1,1,0,0,0,0,0,1
1,1,1,1,1,1,1,1,1,0,0,0,0,0,0,0,1,0,0,0,0,0,0,0,1,1,1,1,0,1,1,1,0,1,0,0,0,0,0,0,0,0,1
1,0,0,0,1,1,1,1,1,1,1,1,1,1,1,1,1,1,0,1,1,0,1,1,1,1,1,1,1,1,0,1,0,1,0,0,0,0,0,0,0,0,1
_80161,0,0,0,0,0,0,0,0,0,0,0,0,0,0,0,1,0,0,0,1,1,0,0,1,1,0,0,0,0,0,0,0,0,0,0,0,0,1,1,0,0,1
1,1,1,1,1,1,1,1,0,1,1,1,1,1,1,1,1,0,0,0,0,0,0,0,1,1,0,0,0,0,0,0,0,0,1,1,0,_127585,1,0,0,1,1
1,1,1,0,1,0,1,1,1,0,0,0,0,0,0,0,1,0,0,0,0,0,0,0,1,1,1,0,1,1,1,1,1,0,1,1,0,_127649,1,0,1,0,1
1,1,1,1,1,1,0,0,0,1,1,1,1,1,1,0,1,0,0,0,1,_107233,1,_109793,1,1,1,1,1,1,1,0,0,0,1,1,_126433,_127713,0,0,0,0,1
1,1,1,1,0,0,0,0,0,1,1,1,1,1,1,0,1,_102177,_103457,_104737,_106017,_107297,_108577,_109857,1,1,1,1,1,1,1,_120097,_121377,_122657,1,1,_126497,_127777,_129057,_130337,_131617,_132897,1
1,_81761,_83041,_84321,1,_86881,1,1,_90721,1,1,0,1,1,1,1,1,_102241,_103521,_104801,_106081,_107361,_108641,_109921,1,1,_113761,_115041,_116321,_117601,_118881,_120161,_121441,_122721,_124001,_125281,_126561,_127841,_129121,_130401,_131681,_132961,1
_80545,_81825,_83105,_84385,_85665,_86945,_88225,_89505,_90785,_92065,_93345,_94625,_95905,_97185,_98465,_99745,1,_102305,_103585,_104865,_106145,_107425,_108705,_109985,1,1,_113825,_115105,_116385,_117665,_118945,_120225,_121505,_122785,_124065,_125345,_126625,_127905,_129185,_130465,_131745,_133025,1
_80609,_81889,_83169,_84449,_85729,_87009,_88289,_89569,_90849,_92129,_93409,_94689,_95969,_97249,_98529,_99809,1,_102369,_103649,_104929,_106209,_107489,_108769,_110049,1,1,_113889,_115169,_116449,_117729,_119009,_120289,_121569,_122849,_124129,_125409,_126689,_127969,_129249,_130529,_131809,_133089,1
_80673,_81953,_83233,_84513,_85793,_87073,_88353,_89633,_90913,_92193,_93473,_94753,_96033,_97313,_98593,_99873,1,_102433,_103713,_104993,_106273,_107553,_108833,_110113,1,1,_113953,_115233,_116513,_117793,_119073,_120353,_121633,_122913,_124193,_125473,_126753,_128033,_129313,_130593,_131873,_133153,1
_80737,_82017,_83297,_84577,_85857,_87137,_88417,_89697,_90977,_92257,_93537,_94817,_96097,_97377,_98657,_99937,1,_102497,_103777,_105057,_106337,_107617,_108897,_110177,1,1,_114017,_115297,_116577,_117857,_119137,_120417,_121697,_122977,_124257,_125537,_126817,_128097,_129377,_130657,_131937,_133217,1


1,1,1,1,1,1,1,1,1,1,1,1,1,1,1,1,1,1,0,1,1,1,1,1,1,1,1,1,1,1,1,1,1,0,1,1,1,1,1,0,0,1,1
1,1,1,1,1,1,1,1,1,1,1,1,1,1,1,1,1,1,0,1,1,1,1,1,1,1,1,1,1,1,1,0,0,0,1,1,1,1,1,0,1,0,1
1,1,1,1,1,1,1,1,1,1,1,1,1,1,1,1,1,1,1,0,0,0,0,0,1,1,1,1,1,1,1,1,0,1,1,1,0,1,1,1,0,0,1
1,0,0,0,0,0,0,0,0,0,0,0,0,0,0,0,1,0,0,0,1,0,0,1,1,1,0,0,0,0,0,1,1,0,1,0,1,1,0,0,0,0,1
1,0,0,0,0,0,0,0,0,0,0,0,0,0,0,0,1,1,1,0,0,0,0,0,1,1,0,0,0,0,0,1,0,1,0,0,0,0,1,0,0,1,1
_4103613,0,0,0,0,0,0,0,0,0,0,0,0,0,0,0,1,1,1,0,0,0,0,0,1,1,0,0,0,0,0,1,0,1,0,0,0,0,1,0,1,0,1
_4103677,0,0,0,0,0,0,0,0,0,0,0,0,0,0,0,1,1,0,1,1,1,1,0,1,1,0,0,0,0,0,1,1,0,0,0,0,0,1,1,0,0,1
1,1,1,1,1,1,1,1,1,0,0,0,0,0,0,0,1,1,1,0,1,1,1,1,1,1,1,1,1,0,1,1,0,1,1,1,1,0,0,0,0,0,1
1,1,1,1,1,0,1,1,1,1,1,0,1,1,1,1,1,0,0,0,0,0,0,0,1,1,1,1,0,1,1,1,0,1,0,0,0,0,0,0,0,0,1
1,0,0,0,1,1,1,1,1,1,1,1,1,1,0,1,1,1,0,1,1,0,1,1,1,1,1,1,1,1,0,1,0,1,0,0,0,0,0,0,0,0,1
_4103933,0,0,0,0,0,0,0,0,0,0,0,0,0,0,0,1,0,0,0,1,1,0,0,1,1,0,0,0,0,0,0,0,0,0,0,0,0,1,1,0,0,1
1,1,1,1,1,1,1,1,0,1,1,1,1,1,1,1,1,0,0,0,0,0,0,0,1,1,0,0,0,0,0,0,0,0,1,1,0,_4138887,1,0,0,1,1
1,1,1,0,1,0,1,1,1,0,0,0,0,0,0,0,1,0,0,0,0,0,0,0,1,1,1,0,1,1,1,1,1,0,1,1,0,_4138951,1,0,1,0,1
1,0,0,0,1,1,0,0,0,1,1,1,1,1,1,0,1,0,0,0,1,_4124075,1,_4125995,1,1,1,1,1,1,1,0,0,0,1,1,_4138055,_4139015,0,0,0,0,1
1,1,1,1,0,0,0,0,0,1,1,1,1,1,1,0,1,_4120299,_4121259,_4122219,_4123179,_4124139,_4125099,_4126059,1,1,1,1,1,1,1,_4133319,_4134279,_4135239,1,1,_4138119,_4139079,_4140039,_4140999,_4141959,_4142919,1


1,1,1,1,1,1,1,0,1,1,0,1,1,1,1,1,1,0,1,1,1,1,1,1,1,1,1,1,1,1,0,0,1,1,0,1,1
1,0,0,0,0,0,1,1,0,1,1,0,0,0,0,1,1,1,0,0,0,0,0,0,0,0,0,1,1,1,0,0,1,1,1,0,1
1,0,0,1,0,1,1,1,1,1,0,0,0,1,1,1,1,0,0,0,0,1,1,0,0,1,0,1,1,1,0,1,0,1,0,1,1
1,0,1,0,0,0,1,1,0,1,1,0,1,0,0,1,1,1,1,1,1,1,1,0,1,0,1,1,1,1,0,1,0,1,1,0,1
1,1,0,0,0,0,1,1,0,1,1,1,1,0,0,1,1,1,0,0,0,0,0,1,0,0,1,1,1,1,1,0,0,1,0,1,1
1,0,0,1,1,1,1,0,1,1,1,0,0,0,1,1,1,1,1,1,0,0,0,0,1,1,0,1,1,1,1,0,0,1,1,0,1
1,1,0,1,1,1,1,1,0,1,1,1,0,1,0,1,1,0,0,0,1,0,1,1,1,0,1,1,1,1,1,0,0,1,1,0,1
1,1,1,1,1,0,1,0,1,1,0,1,0,1,0,1,1,1,1,0,1,0,0,1,0,1,0,1,1,1,0,1,0,1,1,0,1
1,1,1,0,0,0,1,0,1,1,0,1,_14317,0,1,1,1,0,0,1,0,1,0,0,1,0,_24733,1,1,1,1,0,0,1,_30205,_30973,1
1,1,_7037,1,_8573,_9341,1,1,0,1,0,0,_14381,_15149,1,1,1,_17885,_18653,_19421,_20189,_20957,_21725,0,_23261,1,_24797,1,1,1,_27365,_28133,_28901,1,_30269,_31037,1
1,_6333,_7101,_7869,_8637,_9405,1,_10773,_11541,1,_12909,_13677,_14445,_15213,_15981,1,1,_17949,_18717,_19485,_20253,_21021,_21789,_22557,_23325,_24093,_24861,1,1,1,_27429,_28197,_28965,1,_30333,_31101,1
1,_6397,_7165,_7933,_8701,_9469,1,_10837,_11605,1,_12973,_13741,_14509,_15277,_16045,1,1,_18013,_18781,_19549,_20317,_21085,_21853,_22621,_23389,_24157,_24925,1,1,1,_27493,_28261,_29029,1,_30397,_31165,1


1,1,1,1,1,1,1,0,1,1,1,1,0,1,1,1,1,1,1,0,1,1,1,1,1,1,1,1,1
1,1,1,1,1,1,1,0,1,1,0,0,0,0,0,1,1,0,0,0,0,0,0,0,0,1,1,0,1
1,0,0,0,0,0,1,1,0,1,0,0,0,0,0,0,0,0,0,0,0,0,0,0,0,1,0,1,1
1,0,0,0,0,0,1,1,0,1,1,1,1,1,1,1,1,1,1,1,1,1,1,0,1,0,0,0,1
1,1,1,1,1,1,1,0,1,1,1,1,1,1,1,0,0,1,1,1,1,0,1,1,0,0,0,0,1
1,1,1,1,1,1,1,1,0,1,1,1,1,1,1,1,0,1,1,1,1,1,0,1,0,0,0,0,1
1,1,0,1,1,0,1,0,1,1,0,0,0,0,0,0,0,0,0,0,0,0,0,0,1,0,0,0,1
1,0,0,0,0,0,1,1,0,1,1,1,1,1,1,0,0,1,1,1,0,1,1,1,_22405,1,1,1,1
1,0,0,1,0,1,1,0,1,1,1,1,1,1,0,_15557,_16325,1,1,1,1,1,1,1,_22469,_23237,_24005,_24773,1
1,1,1,0,0,0,1,0,1,1,1,1,1,0,1,_15621,_16389,1,1,0,1,1,1,1,_22533,_23301,_24069,_24837,1
1,0,1,1,1,_8341,1,_9709,_10477,1,0,0,0,0,0,_15685,_16453,1,1,1,1,1,1,1,_22597,_23365,_24133,_24901,1
1,_5333,_6101,_6869,_7637,_8405,1,_9773,_10541,1,1,0,1,1,1,_15749,_16517,1,1,_18821,_19589,_20357,_21125,_21893,_22661,_23429,_24197,_24965,1


1,1,1,1,1,1,1,0,1,1,1,1,0,1,1,1,1,1,1,0,1,1,1,1,1,1,1,1,1
1,1,1,1,1,1,1,0,1,1,0,0,0,0,0,1,1,0,0,0,0,0,0,0,0,1,1,0,1
1,0,0,0,0,0,1,1,0,1,0,0,0,0,0,0,0,0,0,0,0,0,0,0,0,1,0,1,1
1,1,1,1,1,1,1,0,1,1,1,1,1,1,1,0,0,1,1,1,1,1,1,0,1,0,0,0,1
1,0,0,0,0,0,1,1,0,1,1,1,1,1,1,1,1,1,1,1,1,0,1,1,0,0,0,0,1
1,1,0,1,1,0,1,0,1,1,1,1,1,1,1,0,0,1,1,1,1,1,0,1,0,0,0,0,1
1,1,1,1,1,1,1,1,0,1,0,0,0,0,0,1,0,0,0,0,0,0,0,0,1,0,0,0,1
1,0,0,0,0,0,1,1,0,1,1,0,1,1,1,0,0,1,1,1,0,1,1,1,1,1,1,1,1
1,0,0,1,0,1,1,0,1,1,1,1,1,1,0,_1234307,_1235011,1,1,1,1,1,1,1,_1240643,_1241347,_1242051,_1242755,1
1,1,1,0,0,0,1,0,1,1,1,1,1,0,1,_1234371,_1235075,1,1,0,0,1,1,1,_1240707,_1241411,_1242115,_1242819,1
1,0,1,1,1,_1227703,1,_1228957,_1229661,1,0,0,0,0,0,_1234435,_1235139,1,1,1,1,1,1,1,_1240771,_1241475,_1242179,_1242883,1


1,1,1,1,1,1,1,0,1,1,1,1,1,0,1,1,1,1,1,0,1,1,1,1,1,1,1,1,1
1,1,1,1,1,1,1,0,1,1,0,0,0,0,0,1,1,0,0,0,0,0,0,0,0,1,1,0,1
1,0,0,0,0,0,1,1,0,1,0,0,0,0,0,0,0,0,0,0,0,0,0,0,0,1,0,1,1
1,1,1,1,1,1,1,0,1,1,1,1,1,1,1,0,0,1,1,1,1,1,1,0,1,0,0,0,1
1,0,0,1,1,0,1,1,0,1,1,0,1,1,1,1,1,1,1,1,1,0,1,1,0,0,0,0,1
1,1,1,0,0,0,1,1,0,1,1,1,1,1,1,0,0,1,1,1,1,1,0,1,0,0,0,0,1
1,1,0,1,0,1,1,1,0,1,0,0,0,0,0,1,0,0,0,0,0,0,0,0,1,0,0,0,1
1,0,0,0,0,0,1,1,0,1,1,1,0,1,1,0,0,1,1,1,0,1,1,1,1,1,1,1,1
1,0,0,0,0,0,1,0,1,1,0,0,0,0,0,1,1,1,1,1,1,1,1,1,_2392749,_2393389,_2394029,_2394669,1
1,0,1,1,_2380293,1,1,_2382073,_2382713,1,1,1,1,1,0,_2387053,_2387693,1,1,0,0,0,1,_2392173,_2392813,_2393453,_2394093,_2394733,1


1,1,1,1,1,1,1,0,1,1,1,1,1,1,1,1,1,1,1,1,1,1,1,1,1,1,1,1,1
1,0,0,1,1,0,1,1,0,1,0,0,0,0,0,0,0,0,0,0,0,0,0,0,0,0,0,0,1
1,0,0,0,0,0,1,0,1,1,0,0,0,0,0,1,1,1,1,1,1,1,1,1,1,1,1,0,1
1,0,0,0,0,0,1,0,1,1,0,0,0,0,0,1,0,0,0,0,0,0,0,0,0,1,0,1,1
1,1,1,1,0,1,1,0,1,1,1,0,1,1,1,0,0,1,1,0,0,1,1,1,1,0,0,0,1
1,0,0,1,0,1,1,1,0,1,1,1,0,1,1,0,0,1,1,1,0,1,0,0,0,1,1,1,1
1,0,1,0,0,0,1,1,0,1,1,1,1,0,1,0,0,1,1,0,1,0,0,1,0,1,1,0,1
1,1,1,1,_21095,1,1,1,0,1,0,0,0,0,0,1,1,0,0,0,0,0,0,0,1,1,1,_34343,1
1,1,0,0,0,0,1,1,0,1,1,1,1,1,0,1,1,1,1,1,1,0,1,0,0,0,0,0,1

